﻿<?xml version="1.0" encoding="utf-8"?>
<erms xmlns:svk="https://xml.svenskakyrkan.se/ERMS-SVK-ARENDE" xmlns:elm="https://xml.svenskakyrkan.se/ERMS-SVK-element" xmlns:xsi="http://www.w3.org/2001/XMLSchema-instance" xsi:schemaLocation="https://DILCIS.eu/XML/ERMS ../../metadata/ERMS_v3.xsd https://xml.svenskakyrkan.se/ERMS-SVK-ARENDE ../../metadata/ERMS-SVK-ARENDE.xsd" xmlns="https://DILCIS.eu/XML/ERMS">
	<control>
		<identification identificationType="arkivbildare">Arkivbildarens namn</identification>
		<identification identificationType="organisationsnummer">1234567890</identification>
		<identification identificationType="ärendenummer">PLT 2020-0376</identification>
		<classificationSchema>
			<textualDescriptionOfClassificationSchema>
				<p>KlaSS2016_1.0</p>
			</textualDescriptionOfClassificationSchema>
		</classificationSchema>
		<maintenanceInformation>
			<maintenanceStatus value="new" />
			<maintenanceAgency>
				<agencyCode type="organisationsnummer">2520026135</agencyCode>
				<agencyName>Kyrkostyrelsen</agencyName>
			</maintenanceAgency>
			<maintenanceHistory>
				<maintenanceEvent>
					<eventType value="created" />
					<eventDateTime>2024-05-29T20:48:56</eventDateTime>
					<agent agentType="deliverer">
						<name>Public360</name>
						<organisation>Tietoevry</organisation>
					</agent>
				</maintenanceEvent>
			</maintenanceHistory>
		</maintenanceInformation>
	</control>
	<aggregations>
		<aggregation systemIdentifier="9dd0ef77-c959-4816-a562-6c014dc00f42" aggregationType="caseFile">
			<objectId>PLT 2020-0376</objectId>
			<extraId extraIdType="organisationsnummer">1234567890</extraId>
			<extraId extraIdType="deliveringSystemId">748461</extraId>
			<classification classificationCode="5.2">Upplåta mark och byggnader</classification>
			<title>Ärendemening</title>
			<otherTitle titleType="public">Annan titel</otherTitle>
			<status value="closed" />
			<additionalInformation>
				<additionalXMLData>
					<svk:ermsSvkArende schemaVersion="1.0" ermsSchemaVersion="3.0.0" elementSchemaVersion="1.0" schematronVersion="1.0">
						<svk:ermsSvkAggregation>
							<elm:initiative>externt</elm:initiative>
							<elm:svkNotes>
								<elm:svkNote typeOfNote="generell anteckning">
									<elm:noteText><![CDATA[En testanteckning.]]></elm:noteText>
									<elm:agents>
										<agent agentType="creator">
											<name>CtxDATest GADD11</name>
											<organisation>Skapande person</organisation>
											<idNumber idNumberType="username">knet\ctxdatestgadd11</idNumber>
										</agent>
									</elm:agents>
									<dates>
										<date dateType="created">2024-04-29T12:48:18</date>
									</dates>
								</elm:svkNote>
							</elm:svkNotes>
						</svk:ermsSvkAggregation>
					</svk:ermsSvkArende>
				</additionalXMLData>
			</additionalInformation>
			<agents>
				<agent agentType="creator">
					<name>Skapande person</name>
					<organisation>Organisation</organisation>
					<idNumber idNumberType="username">knet\sdfhdf</idNumber>
				</agent>
				<agent agentType="responsible_person">
					<name>Ansvarig person</name>
					<organisation>Organisation</organisation>
					<idNumber idNumberType="username">knet\dhdfgdg</idNumber>
				</agent>
				<agent agentType="other" otherAgentType="closing_person">
					<name>CtxDATest GADD11</name>
					<organisation>Organisation</organisation>
					<idNumber idNumberType="username">knet\ctxdatestgadd11</idNumber>
				</agent>
			</agents>
			<dates>
				<date dateType="created">2020-11-24T14:26:24</date>
				<date dateType="opened">2020-11-24T14:26:24</date>
				<date dateType="closed">2024-04-29T12:48:34</date>
			</dates>
			<record systemIdentifier="c19e07a0-a696-4092-820a-e6eb452eeb24" recordPhysicalOrDigital="digital" recordType="ärendedokument">
				<objectId>PLT 2020-0376:1</objectId>
				<extraId extraIdType="deliveringSystemId">2476085</extraId>
				<classification classificationCode="5.2">Upplåta mark och byggnader</classification>
				<title>Handlingens titel</title>
				<otherTitle titleType="public">Annan titel</otherTitle>
				<runningNumber>1</runningNumber>
				<direction directionDefinition="incoming" />
				<agents>
					<agent agentType="creator">
						<name>Skapande person</name>
						<organisation>Organisation</organisation>
						<idNumber idNumberType="username">knet\dhhfjkgfd</idNumber>
					</agent>
					<agent agentType="responsible_person">
						<name>Ansvarig person</name>
						<organisation>Organisation</organisation>
						<idNumber idNumberType="username">knet\ddgdsfgsdfg</idNumber>
					</agent>
					<agent agentType="sender">
						<name>Avsändare</name>
					</agent>
					<agent agentType="receiver">
						<name>Mottagare</name>
					</agent>
					<agent agentType="receiver">
						<name>Mottagare</name>
						<organisation>Organisation</organisation>
					</agent>
					<agent agentType="receiver">
						<name>Mottagare</name>
						<organisation>Organisation</organisation>
					</agent>
				</agents>
				<dates>
					<date dateType="created">2020-11-24T14:27:36</date>
					<date dateType="originated">2020-11-24T00:00:00</date>
				</dates>
				<additionalInformation>
					<additionalXMLData>
						<svk:ermsSvkArende schemaVersion="1.0" ermsSchemaVersion="3.0.0" elementSchemaVersion="1.0" schematronVersion="1.0">
							<svk:ermsSvkRecord>
								<elm:svkAppendix>
									<appendix name="Säv" path="1541473_1_0.DOCX" fileFormat="DOCX" />
									<elm:fileInfo>
										<dates>
											<date dateType="created">2024-04-17T09:07:35</date>
											<date dateType="modified">2024-04-17T09:08:54</date>
										</dates>
										<elm:versionNumber>1</elm:versionNumber>
										<elm:variant>production</elm:variant>
									</elm:fileInfo>
								</elm:svkAppendix>
								<elm:svkAppendix>
									<appendix name="Säv" path="1541473_1_1.PDF" fileFormat="PDF" />
									<elm:fileInfo>
										<dates>
											<date dateType="created">2024-04-17T09:07:35</date>
											<date dateType="modified">2024-04-17T09:08:54</date>
										</dates>
										<elm:versionNumber>1</elm:versionNumber>
										<elm:variant>preservation</elm:variant>
									</elm:fileInfo>
								</elm:svkAppendix>
							</svk:ermsSvkRecord>
						</svk:ermsSvkArende>
					</additionalXMLData>
				</additionalInformation>
			</record>
			<record systemIdentifier="7dd98b5a-40f9-44a2-a5fd-2c3c8116db06" recordPhysicalOrDigital="digital" recordType="avtalsdokument">
				<objectId>PLT 2020-0376:2</objectId>
				<extraId extraIdType="deliveringSystemId">2483776</extraId>
				<classification classificationCode="5.2">Upplåta mark och byggnader</classification>
				<title>Testavtal</title>
				<otherTitle titleType="public">Testavtal</otherTitle>
				<runningNumber>2</runningNumber>
				<direction directionDefinition="other" otherDirectionDefinition="internal" />
				<agents>
					<agent agentType="creator">
						<name>CtxDATest GADD11</name>
						<organisation>Organisation</organisation>
						<idNumber idNumberType="username">knet\ctxdatestgadd11</idNumber>
					</agent>
					<agent agentType="responsible_person">
						<name>Ansvarig person</name>
						<organisation>Organisation</organisation>
						<idNumber idNumberType="username">Uppgift saknas</idNumber>
					</agent>
					<agent agentType="sender">
						<name>Avsändare</name>
					</agent>
				</agents>
				<dates>
					<date dateType="created">2024-04-29T12:47:47</date>
					<date dateType="originated">2024-04-29T00:00:00</date>
				</dates>
				<additionalInformation>
					<additionalXMLData>
						<svk:ermsSvkArende schemaVersion="1.0" ermsSchemaVersion="3.0.0" elementSchemaVersion="1.0" schematronVersion="1.0">
							<svk:ermsSvkRecord>
								<elm:contractInfo>
									<elm:callOffValue>10000</elm:callOffValue>
									<elm:contractValue>10000</elm:contractValue>
									<elm:typeOfAgreement>licens</elm:typeOfAgreement>
									<dates>
										<date dateType="start">2024-01-01T00:00:00</date>
										<date dateType="end">2024-12-31T00:00:00</date>
									</dates>
								</elm:contractInfo>
								<elm:svkAppendix>
									<appendix name="Det borde varit stjärnor att smycka ditt änne" path="1541486_1_0.DOCX" fileFormat="DOCX" />
									<elm:fileInfo>
										<dates>
											<date dateType="created">2024-04-29T12:47:47</date>
											<date dateType="modified">2024-04-29T13:01:20</date>
										</dates>
										<elm:versionNumber>1</elm:versionNumber>
										<elm:variant>production</elm:variant>
									</elm:fileInfo>
								</elm:svkAppendix>
								<elm:svkAppendix>
									<appendix name="Det borde varit stjärnor att smycka ditt änne" path="1541486_1_1.PDF" fileFormat="PDF" />
									<elm:fileInfo>
										<dates>
											<date dateType="created">2024-04-29T12:47:47</date>
											<date dateType="modified">2024-04-29T13:01:20</date>
										</dates>
										<elm:versionNumber>1</elm:versionNumber>
										<elm:variant>preservation</elm:variant>
									</elm:fileInfo>
								</elm:svkAppendix>
							</svk:ermsSvkRecord>
						</svk:ermsSvkArende>
					</additionalXMLData>
				</additionalInformation>
			</record>
		</aggregation>
	</aggregations>
</erms>